{
  "policy": "grad_snr_low",
  "trigger_step": 7011,
  "gate_step": 7000,
  "decay_end_step": 10000,
  "final_lr_ratio": 0.1,
  "decay_length": 2989,
  "computed_thresholds": {
    "grad_snr_threshold": 0.9147171723842621
  },
  "metrics_at_trigger": {
    "step": 7011,
    "loss_variance": 0.17859625816345215,
    "grad_snr": 0.8456907272338867,
    "loss_oscillation": 0.04060620442032814,
    "loss_improvement_rate": -0.007582423835992813
  }
}