{
  "policy": "loss_variance_low",
  "trigger_step": 4524,
  "decay_end_step": 5024,
  "final_lr_ratio": 0.25,
  "decay_length": 500,
  "metrics_at_trigger": {
    "step": 4524,
    "loss_variance": 0.11661336570978165,
    "grad_snr": 0.9496182799339294,
    "loss_oscillation": 0.03406907245516777,
    "loss_improvement_rate": 0.00798962041735649
  }
}