{
  "policy": "loss_variance_low",
  "trigger_step": 7010,
  "gate_step": 7000,
  "decay_end_step": 10000,
  "final_lr_ratio": 0.1,
  "decay_length": 2990,
  "computed_thresholds": {
    "loss_variance_threshold": 0.1210447783023119
  },
  "metrics_at_trigger": {
    "step": 7010,
    "loss_variance": 0.11836321651935577,
    "grad_snr": 0.9339328408241272,
    "loss_oscillation": 0.045612141489982605,
    "loss_improvement_rate": 0.012592259794473648
  }
}