{
  "policy": "loss_variance_low",
  "trigger_step": 7028,
  "gate_step": 7000,
  "decay_end_step": 10000,
  "final_lr_ratio": 0.1,
  "decay_length": 2972,
  "computed_thresholds": {
    "loss_variance_threshold": 0.14239250272512435
  },
  "metrics_at_trigger": {
    "step": 7028,
    "loss_variance": 0.13332265615463257,
    "grad_snr": 0.8919618129730225,
    "loss_oscillation": 0.03688930347561836,
    "loss_improvement_rate": 0.002490212023258209
  }
}