{
  "policy": "loss_variance_low",
  "trigger_step": 7010,
  "gate_step": 7000,
  "decay_end_step": 10000,
  "final_lr_ratio": 0.1,
  "decay_length": 2990,
  "computed_thresholds": {
    "loss_variance_threshold": 0.12203206852078438
  },
  "metrics_at_trigger": {
    "step": 7010,
    "loss_variance": 0.11868967115879059,
    "grad_snr": 0.8915401101112366,
    "loss_oscillation": 0.045965682715177536,
    "loss_improvement_rate": 0.012566585466265679
  }
}