{
  "policy": "grad_snr_low",
  "trigger_step": 7010,
  "gate_step": 7000,
  "decay_end_step": 8010,
  "final_lr_ratio": 0.1,
  "decay_length": 1000,
  "computed_thresholds": {
    "grad_snr_threshold": 0.9128321319818496
  },
  "metrics_at_trigger": {
    "step": 7010,
    "loss_variance": 0.11874908953905106,
    "grad_snr": 0.905145525932312,
    "loss_oscillation": 0.04583287239074707,
    "loss_improvement_rate": 0.01291651874780655
  }
}