{
  "policy": "combined",
  "trigger_step": 7010,
  "gate_step": 7000,
  "decay_end_step": 10000,
  "final_lr_ratio": 0.1,
  "decay_length": 2990,
  "computed_thresholds": {
    "loss_variance_threshold": 0.12170377880334854,
    "grad_snr_threshold": 0.9058798724412918
  },
  "metrics_at_trigger": {
    "step": 7010,
    "loss_variance": 0.11912309378385544,
    "grad_snr": 0.9021169543266296,
    "loss_oscillation": 0.04566406086087227,
    "loss_improvement_rate": 0.012649543955922127
  }
}