{
  "policy": "grad_snr_low",
  "trigger_step": 7053,
  "gate_step": 7000,
  "decay_end_step": 10000,
  "final_lr_ratio": 0.1,
  "decay_length": 2947,
  "computed_thresholds": {
    "grad_snr_threshold": 0.8895555144548416
  },
  "metrics_at_trigger": {
    "step": 7053,
    "loss_variance": 0.2407727688550949,
    "grad_snr": 0.8850932717323303,
    "loss_oscillation": 0.04848556965589523,
    "loss_improvement_rate": -0.0059128724038600925
  }
}