{
  "policy": "grad_snr_low",
  "trigger_step": 7010,
  "gate_step": 7000,
  "decay_end_step": 10000,
  "final_lr_ratio": 0.1,
  "decay_length": 2990,
  "computed_thresholds": {
    "grad_snr_threshold": 0.915121049284935
  },
  "metrics_at_trigger": {
    "step": 7010,
    "loss_variance": 0.11926501989364624,
    "grad_snr": 0.9037482738494873,
    "loss_oscillation": 0.04558102786540985,
    "loss_improvement_rate": 0.012644629180431365
  }
}