{
  "policy": "combined",
  "trigger_step": 7010,
  "gate_step": 7000,
  "decay_end_step": 8010,
  "final_lr_ratio": 0.1,
  "decay_length": 1000,
  "computed_thresholds": {
    "loss_variance_threshold": 0.12627512067556382,
    "grad_snr_threshold": 0.9286362648010253
  },
  "metrics_at_trigger": {
    "step": 7010,
    "loss_variance": 0.11853213608264923,
    "grad_snr": 0.9078785181045532,
    "loss_oscillation": 0.04588733986020088,
    "loss_improvement_rate": 0.012658947706222534
  }
}