{
  "policy": "loss_variance_low",
  "trigger_step": 7008,
  "gate_step": 7000,
  "decay_end_step": 8008,
  "final_lr_ratio": 0.1,
  "decay_length": 1000,
  "computed_thresholds": {
    "loss_variance_threshold": 0.12657596096396445
  },
  "metrics_at_trigger": {
    "step": 7008,
    "loss_variance": 0.1222580149769783,
    "grad_snr": 1.0215468406677246,
    "loss_oscillation": 0.038817133754491806,
    "loss_improvement_rate": -0.00257086344063282
  }
}