{
  "policy": "grad_snr_low",
  "trigger_step": 4551,
  "decay_end_step": 5051,
  "final_lr_ratio": 0.25,
  "decay_length": 500,
  "metrics_at_trigger": {
    "step": 4551,
    "loss_variance": 0.1584974080324173,
    "grad_snr": 0.9343146681785583,
    "loss_oscillation": 0.03852824494242668,
    "loss_improvement_rate": 0.0037163719534873962
  }
}